{
    "experiment_name": "exp_dropout",
    "config": {
        "epochs": 10,
        "batch_size": 64,
        "lr": 0.001,
        "dropout": 0.5,
        "optimizer": "adamw",
        "experiment_name": "exp_dropout"
    },
    "final_test_loss": 0.38028426155163225,
    "final_test_accuracy": 0.8725119426751592,
    "train_loss_history": [
        1.4242516948248853,
        1.0105093508450822,
        0.8191990608518774,
        0.69764470114288,
        0.6055783521468666,
        0.5285338800273497,
        0.47380578543313523,
        0.4255557146812366,
        0.3792392456777055,
        0.35784293396864086
    ],
    "train_acc_history": [
        0.48066850142045453,
        0.6467063210227273,
        0.7190163352272727,
        0.7623845880681818,
        0.7951882102272727,
        0.8235751065340909,
        0.8414861505681818,
        0.8570223721590909,
        0.8751331676136364,
        0.8815030184659091
    ],
    "val_loss_history": [
        1.2709344995172718,
        0.9838671269296091,
        0.7869380557838874,
        0.8255774673027328,
        0.5403626802601392,
        0.4955451012223582,
        0.43014822122228297,
        0.40940735838081266,
        0.37353168324201924,
        0.3689094188658497
    ],
    "val_acc_history": [
        0.5688291139240507,
        0.6596123417721519,
        0.7290348101265823,
        0.7238924050632911,
        0.8121044303797469,
        0.8320806962025317,
        0.8490901898734177,
        0.8615506329113924,
        0.8738132911392406,
        0.8753955696202531
    ]
}